列车号,服务号,车站,到达,出发,,车站名称,列车编号
G433,32,1,55106,55126,,苹果园,T31
G433,32,2,55326,55356,,古城,T31
G433,32,3,55506,55536,,八角游乐园,T31
G433,32,4,55686,55711,,八宝山,T31
G433,32,5,55831,55866,,玉泉路,T31
G433,32,6,56006,56046,,五棵松,T31
G433,32,7,56181,56216,,万寿路,T31
G433,32,8,56326,56371,,公主坟,T31
G433,32,9,56471,56521,,军事博物馆,T31
G433,32,10,56621,56651,,木樨地,T31
G433,32,11,56771,56798,,南礼士路,T31
G433,32,12,56878,56928,,复兴门,T31
G433,32,13,57048,57092,,西单,T31
G433,32,14,57197,57223,,天安门西,T31
G433,32,15,57313,57341,,天安门东,T31
G433,32,16,57431,57461,,王府井,T31
G433,32,17,57546,57591,,东单,T31
G433,32,18,57701,57746,,建国门,T31
G433,32,19,57866,57896,,永安里,T31
G433,32,20,57981,58026,,国贸,T31
G433,32,21,58146,58191,,大望路,T31
G433,32,22,58334,58364,,四惠,T31
G433,32,23,58484,58484,,四惠东,T31
G433,34,1,55518,55538,,苹果园,T31
G433,34,2,55738,55768,,古城,T31
G433,34,3,55918,55948,,八角游乐园,T31
G433,34,4,56098,56123,,八宝山,T31
G433,34,5,56243,56278,,玉泉路,T31
G433,34,6,56418,56458,,五棵松,T31
G433,34,7,56593,56628,,万寿路,T31
G433,34,8,56738,56783,,公主坟,T31
G433,34,9,56883,56933,,军事博物馆,T31
G433,34,10,57033,57063,,木樨地,T31
G433,34,11,57183,57210,,南礼士路,T31
G433,34,12,57290,57340,,复兴门,T31
G433,34,13,57460,57504,,西单,T31
G433,34,14,57609,57635,,天安门西,T31
G433,34,15,57725,57753,,天安门东,T31
G433,34,16,57843,57873,,王府井,T31
G433,34,17,57958,58003,,东单,T31
G433,34,18,58113,58158,,建国门,T31
G433,34,19,58278,58308,,永安里,T31
G433,34,20,58393,58438,,国贸,T31
G433,34,21,58558,58603,,大望路,T31
G433,34,22,58746,58776,,四惠,T31
G433,34,23,58896,58896,,四惠东,T31
G433,32,1,55930,55950,,苹果园,T31
G433,32,2,56150,56180,,古城,T31
G433,32,3,56330,56360,,八角游乐园,T31
G433,32,4,56510,56535,,八宝山,T31
G433,32,5,56655,56690,,玉泉路,T31
G433,32,6,56830,56870,,五棵松,T31
G433,32,7,57005,57040,,万寿路,T31
G433,32,8,57150,57195,,公主坟,T31
G433,32,9,57295,57345,,军事博物馆,T31
G433,32,10,57445,57475,,木樨地,T31
G433,32,11,57595,57622,,南礼士路,T31
G433,32,12,57702,57752,,复兴门,T31
G433,32,13,57872,57916,,西单,T31
G433,32,14,58021,58047,,天安门西,T31
G433,32,15,58137,58165,,天安门东,T31
G433,32,16,58255,58285,,王府井,T31
G433,32,17,58370,58415,,东单,T31
G433,32,18,58525,58570,,建国门,T31
G433,32,19,58690,58720,,永安里,T31
G433,32,20,58805,58850,,国贸,T31
G433,32,21,58970,59015,,大望路,T31
G433,32,22,59158,59188,,四惠,T31
G433,32,23,59308,59308,,四惠东,T31
G433,34,1,56342,56362,,苹果园,T31
G433,34,2,56562,56592,,古城,T31
G433,34,3,56742,56772,,八角游乐园,T31
G433,34,4,56922,56947,,八宝山,T31
G433,34,5,57067,57102,,玉泉路,T31
G433,34,6,57242,57282,,五棵松,T31
G433,34,7,57417,57452,,万寿路,T31
G433,34,8,57562,57607,,公主坟,T31
G433,34,9,57707,57757,,军事博物馆,T31
G433,34,10,57857,57887,,木樨地,T31
G433,34,11,58007,58034,,南礼士路,T31
G433,34,12,58114,58164,,复兴门,T31
G433,34,13,58284,58328,,西单,T31
G433,34,14,58433,58459,,天安门西,T31
G433,34,15,58549,58577,,天安门东,T31
G433,34,16,58667,58697,,王府井,T31
G433,34,17,58782,58827,,东单,T31
G433,34,18,58937,58982,,建国门,T31
G433,34,19,59102,59132,,永安里,T31
G433,34,20,59217,59262,,国贸,T31
G433,34,21,59382,59427,,大望路,T31
G433,34,22,59570,59600,,四惠,T31
G433,34,23,59720,59720,,四惠东,T31
G433,32,1,56754,56774,,苹果园,T31
G433,32,2,56974,57004,,古城,T31
G433,32,3,57154,57184,,八角游乐园,T31
G433,32,4,57334,57359,,八宝山,T31
G433,32,5,57479,57514,,玉泉路,T31
G433,32,6,57654,57694,,五棵松,T31
G433,32,7,57829,57864,,万寿路,T31
G433,32,8,57974,58019,,公主坟,T31
G433,32,9,58119,58169,,军事博物馆,T31
G433,32,10,58269,58299,,木樨地,T31
G433,32,11,58419,58446,,南礼士路,T31
G433,32,12,58526,58576,,复兴门,T31
G433,32,13,58696,58740,,西单,T31
G433,32,14,58845,58871,,天安门西,T31
G433,32,15,58961,58989,,天安门东,T31
G433,32,16,59079,59109,,王府井,T31
G433,32,17,59194,59239,,东单,T31
G433,32,18,59349,59394,,建国门,T31
G433,32,19,59514,59544,,永安里,T31
G433,32,20,59629,59674,,国贸,T31
G433,32,21,59794,59839,,大望路,T31
G433,32,22,59982,60012,,四惠,T31
G433,32,23,60132,60132,,四惠东,T31
G433,34,1,57166,57186,,苹果园,T31
G433,34,2,57386,57416,,古城,T31
G433,34,3,57566,57596,,八角游乐园,T31
G433,34,4,57746,57771,,八宝山,T31
G433,34,5,57891,57926,,玉泉路,T31
G433,34,6,58066,58106,,五棵松,T31
G433,34,7,58241,58276,,万寿路,T31
G433,34,8,58386,58431,,公主坟,T31
G433,34,9,58531,58581,,军事博物馆,T31
G433,34,10,58681,58711,,木樨地,T31
G433,34,11,58831,58858,,南礼士路,T31
G433,34,12,58938,58988,,复兴门,T31
G433,34,13,59108,59152,,西单,T31
G433,34,14,59257,59283,,天安门西,T31
G433,34,15,59373,59401,,天安门东,T31
G433,34,16,59491,59521,,王府井,T31
G433,34,17,59606,59651,,东单,T31
G433,34,18,59761,59806,,建国门,T31
G433,34,19,59926,59956,,永安里,T31
G433,34,20,60041,60086,,国贸,T31
G433,34,21,60206,60251,,大望路,T31
G433,34,22,60394,60424,,四惠,T31
G433,34,23,60544,60544,,四惠东,T31
G433,32,1,57578,57598,,苹果园,T31
G433,32,2,57798,57828,,古城,T31
G433,32,3,57978,58008,,八角游乐园,T31
G433,32,4,58158,58183,,八宝山,T31
G433,32,5,58303,58338,,玉泉路,T31
G433,32,6,58478,58518,,五棵松,T31
G433,32,7,58653,58688,,万寿路,T31
G433,32,8,58798,58843,,公主坟,T31
G433,32,9,58943,58993,,军事博物馆,T31
G433,32,10,59093,59123,,木樨地,T31
G433,32,11,59243,59270,,南礼士路,T31
G433,32,12,59350,59400,,复兴门,T31
G433,32,13,59520,59564,,西单,T31
G433,32,14,59669,59695,,天安门西,T31
G433,32,15,59785,59813,,天安门东,T31
G433,32,16,59903,59933,,王府井,T31
G433,32,17,60018,60063,,东单,T31
G433,32,18,60173,60218,,建国门,T31
G433,32,19,60338,60368,,永安里,T31
G433,32,20,60453,60498,,国贸,T31
G433,32,21,60618,60663,,大望路,T31
G433,32,22,60806,60836,,四惠,T31
G433,32,23,60956,60956,,四惠东,T31
G433,34,1,57990,58010,,苹果园,T31
G433,34,2,58210,58240,,古城,T31
G433,34,3,58390,58420,,八角游乐园,T31
G433,34,4,58570,58595,,八宝山,T31
G433,34,5,58715,58750,,玉泉路,T31
G433,34,6,58890,58930,,五棵松,T31
G433,34,7,59065,59100,,万寿路,T31
G433,34,8,59210,59255,,公主坟,T31
G433,34,9,59355,59405,,军事博物馆,T31
G433,34,10,59505,59535,,木樨地,T31
G433,34,11,59655,59682,,南礼士路,T31
G433,34,12,59762,59812,,复兴门,T31
G433,34,13,59932,59976,,西单,T31
G433,34,14,60081,60107,,天安门西,T31
G433,34,15,60197,60225,,天安门东,T31
G433,34,16,60315,60345,,王府井,T31
G433,34,17,60430,60475,,东单,T31
G433,34,18,60585,60630,,建国门,T31
G433,34,19,60750,60780,,永安里,T31
G433,34,20,60865,60910,,国贸,T31
G433,34,21,61030,61075,,大望路,T31
G433,34,22,61218,61248,,四惠,T31
G433,34,23,61368,61368,,四惠东,T31
G433,32,1,58402,58422,,苹果园,T31
G433,32,2,58622,58652,,古城,T31
G433,32,3,58802,58832,,八角游乐园,T31
G433,32,4,58982,59007,,八宝山,T31
G433,32,5,59127,59162,,玉泉路,T31
G433,32,6,59302,59342,,五棵松,T31
G433,32,7,59477,59512,,万寿路,T31
G433,32,8,59622,59667,,公主坟,T31
G433,32,9,59767,59817,,军事博物馆,T31
G433,32,10,59917,59947,,木樨地,T31
G433,32,11,60067,60094,,南礼士路,T31
G433,32,12,60174,60224,,复兴门,T31
G433,32,13,60344,60388,,西单,T31
G433,32,14,60493,60519,,天安门西,T31
G433,32,15,60609,60637,,天安门东,T31
G433,32,16,60727,60757,,王府井,T31
G433,32,17,60842,60887,,东单,T31
G433,32,18,60997,61042,,建国门,T31
G433,32,19,61162,61192,,永安里,T31
G433,32,20,61277,61322,,国贸,T31
G433,32,21,61442,61487,,大望路,T31
G433,32,22,61630,61660,,四惠,T31
G433,32,23,61780,61780,,四惠东,T31
G433,34,1,58814,58834,,苹果园,T31
G433,34,2,59034,59064,,古城,T31
G433,34,3,59214,59244,,八角游乐园,T31
G433,34,4,59394,59419,,八宝山,T31
G433,34,5,59539,59574,,玉泉路,T31
G433,34,6,59714,59754,,五棵松,T31
G433,34,7,59889,59924,,万寿路,T31
G433,34,8,60034,60079,,公主坟,T31
G433,34,9,60179,60229,,军事博物馆,T31
G433,34,10,60329,60359,,木樨地,T31
G433,34,11,60479,60506,,南礼士路,T31
G433,34,12,60586,60636,,复兴门,T31
G433,34,13,60756,60800,,西单,T31
G433,34,14,60905,60931,,天安门西,T31
G433,34,15,61021,61049,,天安门东,T31
G433,34,16,61139,61169,,王府井,T31
G433,34,17,61254,61299,,东单,T31
G433,34,18,61409,61454,,建国门,T31
G433,34,19,61574,61604,,永安里,T31
G433,34,20,61689,61734,,国贸,T31
G433,34,21,61854,61899,,大望路,T31
G433,34,22,62042,62072,,四惠,T31
G433,34,23,62192,62192,,四惠东,T31
G433,32,1,59226,59246,,苹果园,T31
G433,32,2,59446,59476,,古城,T31
G433,32,3,59626,59656,,八角游乐园,T31
G433,32,4,59806,59831,,八宝山,T31
G433,32,5,59951,59986,,玉泉路,T31
G433,32,6,60126,60166,,五棵松,T31
G433,32,7,60301,60336,,万寿路,T31
G433,32,8,60446,60491,,公主坟,T31
G433,32,9,60591,60641,,军事博物馆,T31
G433,32,10,60741,60771,,木樨地,T31
G433,32,11,60891,60918,,南礼士路,T31
G433,32,12,60998,61048,,复兴门,T31
G433,32,13,61168,61212,,西单,T31
G433,32,14,61317,61343,,天安门西,T31
G433,32,15,61433,61461,,天安门东,T31
G433,32,16,61551,61581,,王府井,T31
G433,32,17,61666,61711,,东单,T31
G433,32,18,61821,61866,,建国门,T31
G433,32,19,61986,62016,,永安里,T31
G433,32,20,62101,62146,,国贸,T31
G433,32,21,62266,62311,,大望路,T31
G433,32,22,62454,62484,,四惠,T31
G433,32,23,62604,62604,,四惠东,T31
G433,34,1,59638,59658,,苹果园,T31
G433,34,2,59858,59888,,古城,T31
G433,34,3,60038,60068,,八角游乐园,T31
G433,34,4,60218,60243,,八宝山,T31
G433,34,5,60363,60398,,玉泉路,T31
G433,34,6,60538,60578,,五棵松,T31
G433,34,7,60713,60748,,万寿路,T31
G433,34,8,60858,60903,,公主坟,T31
G433,34,9,61003,61053,,军事博物馆,T31
G433,34,10,61153,61183,,木樨地,T31
G433,34,11,61303,61330,,南礼士路,T31
G433,34,12,61410,61460,,复兴门,T31
G433,34,13,61580,61624,,西单,T31
G433,34,14,61729,61755,,天安门西,T31
G433,34,15,61845,61873,,天安门东,T31
G433,34,16,61963,61993,,王府井,T31
G433,34,17,62078,62123,,东单,T31
G433,34,18,62233,62278,,建国门,T31
G433,34,19,62398,62428,,永安里,T31
G433,34,20,62513,62558,,国贸,T31
G433,34,21,62678,62723,,大望路,T31
G433,34,22,62866,62896,,四惠,T31
G433,34,23,63016,63016,,四惠东,T31
G433,32,1,60050,60070,,苹果园,T31
G433,32,2,60270,60300,,古城,T31
G433,32,3,60450,60480,,八角游乐园,T31
G433,32,4,60630,60655,,八宝山,T31
G433,32,5,60775,60810,,玉泉路,T31
G433,32,6,60950,60990,,五棵松,T31
G433,32,7,61125,61160,,万寿路,T31
G433,32,8,61270,61315,,公主坟,T31
G433,32,9,61415,61465,,军事博物馆,T31
G433,32,10,61565,61595,,木樨地,T31
G433,32,11,61715,61742,,南礼士路,T31
G433,32,12,61822,61872,,复兴门,T31
G433,32,13,61992,62036,,西单,T31
G433,32,14,62141,62167,,天安门西,T31
G433,32,15,62257,62285,,天安门东,T31
G433,32,16,62375,62405,,王府井,T31
G433,32,17,62490,62535,,东单,T31
G433,32,18,62645,62690,,建国门,T31
G433,32,19,62810,62840,,永安里,T31
G433,32,20,62925,62970,,国贸,T31
G433,32,21,63090,63135,,大望路,T31
G433,32,22,63278,63308,,四惠,T31
G433,32,23,63428,63428,,四惠东,T31
G433,34,1,60462,60482,,苹果园,T31
G433,34,2,60682,60712,,古城,T31
G433,34,3,60862,60892,,八角游乐园,T31
G433,34,4,61042,61067,,八宝山,T31
G433,34,5,61187,61222,,玉泉路,T31
G433,34,6,61362,61402,,五棵松,T31
G433,34,7,61537,61572,,万寿路,T31
G433,34,8,61682,61727,,公主坟,T31
G433,34,9,61827,61877,,军事博物馆,T31
G433,34,10,61977,62007,,木樨地,T31
G433,34,11,62127,62154,,南礼士路,T31
G433,34,12,62234,62284,,复兴门,T31
G433,34,13,62404,62448,,西单,T31
G433,34,14,62553,62579,,天安门西,T31
G433,34,15,62669,62697,,天安门东,T31
G433,34,16,62787,62817,,王府井,T31
G433,34,17,62902,62947,,东单,T31
G433,34,18,63057,63102,,建国门,T31
G433,34,19,63222,63252,,永安里,T31
G433,34,20,63337,63382,,国贸,T31
G433,34,21,63502,63547,,大望路,T31
G433,34,22,63690,63720,,四惠,T31
G433,34,23,63840,63840,,四惠东,T31
G433,32,1,60874,60894,,苹果园,T31
G433,32,2,61094,61124,,古城,T31
G433,32,3,61274,61304,,八角游乐园,T31
G433,32,4,61454,61479,,八宝山,T31
G433,32,5,61599,61634,,玉泉路,T31
G433,32,6,61774,61814,,五棵松,T31
G433,32,7,61949,61984,,万寿路,T31
G433,32,8,62094,62139,,公主坟,T31
G433,32,9,62239,62289,,军事博物馆,T31
G433,32,10,62389,62419,,木樨地,T31
G433,32,11,62539,62566,,南礼士路,T31
G433,32,12,62646,62696,,复兴门,T31
G433,32,13,62816,62860,,西单,T31
G433,32,14,62965,62991,,天安门西,T31
G433,32,15,63081,63109,,天安门东,T31
G433,32,16,63199,63229,,王府井,T31
G433,32,17,63314,63359,,东单,T31
G433,32,18,63469,63514,,建国门,T31
G433,32,19,63634,63664,,永安里,T31
G433,32,20,63749,63794,,国贸,T31
G433,32,21,63914,63959,,大望路,T31
G433,32,22,64102,64132,,四惠,T31
G433,32,23,64252,64252,,四惠东,T31
G433,34,1,61286,61306,,苹果园,T31
G433,34,2,61506,61536,,古城,T31
G433,34,3,61686,61716,,八角游乐园,T31
G433,34,4,61866,61891,,八宝山,T31
G433,34,5,62011,62046,,玉泉路,T31
G433,34,6,62186,62226,,五棵松,T31
G433,34,7,62361,62396,,万寿路,T31
G433,34,8,62506,62551,,公主坟,T31
G433,34,9,62651,62701,,军事博物馆,T31
G433,34,10,62801,62831,,木樨地,T31
G433,34,11,62951,62978,,南礼士路,T31
G433,34,12,63058,63108,,复兴门,T31
G433,34,13,63228,63272,,西单,T31
G433,34,14,63377,63403,,天安门西,T31
G433,34,15,63493,63521,,天安门东,T31
G433,34,16,63611,63641,,王府井,T31
G433,34,17,63726,63771,,东单,T31
G433,34,18,63881,63926,,建国门,T31
G433,34,19,64046,64076,,永安里,T31
G433,34,20,64161,64206,,国贸,T31
G433,34,21,64326,64371,,大望路,T31
G433,34,22,64514,64544,,四惠,T31
G433,34,23,64664,64664,,四惠东,T31
G433,32,1,61698,61718,,苹果园,T31
G433,32,2,61918,61948,,古城,T31
G433,32,3,62098,62128,,八角游乐园,T31
G433,32,4,62278,62303,,八宝山,T31
G433,32,5,62423,62458,,玉泉路,T31
G433,32,6,62598,62638,,五棵松,T31
G433,32,7,62773,62808,,万寿路,T31
G433,32,8,62918,62963,,公主坟,T31
G433,32,9,63063,63113,,军事博物馆,T31
G433,32,10,63213,63243,,木樨地,T31
G433,32,11,63363,63390,,南礼士路,T31
G433,32,12,63470,63520,,复兴门,T31
G433,32,13,63640,63684,,西单,T31
G433,32,14,63789,63815,,天安门西,T31
G433,32,15,63905,63933,,天安门东,T31
G433,32,16,64023,64053,,王府井,T31
G433,32,17,64138,64183,,东单,T31
G433,32,18,64293,64338,,建国门,T31
G433,32,19,64458,64488,,永安里,T31
G433,32,20,64573,64618,,国贸,T31
G433,32,21,64738,64783,,大望路,T31
G433,32,22,64926,64956,,四惠,T31
G433,32,23,65076,65076,,四惠东,T31
G433,34,1,62110,62130,,苹果园,T31
G433,34,2,62330,62360,,古城,T31
G433,34,3,62510,62540,,八角游乐园,T31
G433,34,4,62690,62715,,八宝山,T31
G433,34,5,62835,62870,,玉泉路,T31
G433,34,6,63010,63050,,五棵松,T31
G433,34,7,63185,63220,,万寿路,T31
G433,34,8,63330,63375,,公主坟,T31
G433,34,9,63475,63525,,军事博物馆,T31
G433,34,10,63625,63655,,木樨地,T31
G433,34,11,63775,63802,,南礼士路,T31
G433,34,12,63882,63932,,复兴门,T31
G433,34,13,64052,64096,,西单,T31
G433,34,14,64201,64227,,天安门西,T31
G433,34,15,64317,64345,,天安门东,T31
G433,34,16,64435,64465,,王府井,T31
G433,34,17,64550,64595,,东单,T31
G433,34,18,64705,64750,,建国门,T31
G433,34,19,64870,64900,,永安里,T31
G433,34,20,64985,65030,,国贸,T31
G433,34,21,65150,65195,,大望路,T31
G433,34,22,65338,65368,,四惠,T31
G433,34,23,65488,65488,,四惠东,T31
G433,32,1,62522,62542,,苹果园,T31
G433,32,2,62742,62772,,古城,T31
G433,32,3,62922,62952,,八角游乐园,T31
G433,32,4,63102,63127,,八宝山,T31
G433,32,5,63247,63282,,玉泉路,T31
G433,32,6,63422,63462,,五棵松,T31
G433,32,7,63597,63632,,万寿路,T31
G433,32,8,63742,63787,,公主坟,T31
G433,32,9,63887,63937,,军事博物馆,T31
G433,32,10,64037,64067,,木樨地,T31
G433,32,11,64187,64214,,南礼士路,T31
G433,32,12,64294,64344,,复兴门,T31
G433,32,13,64464,64508,,西单,T31
G433,32,14,64613,64639,,天安门西,T31
G433,32,15,64729,64757,,天安门东,T31
G433,32,16,64847,64877,,王府井,T31
G433,32,17,64962,65007,,东单,T31
G433,32,18,65117,65162,,建国门,T31
G433,32,19,65282,65312,,永安里,T31
G433,32,20,65397,65442,,国贸,T31
G433,32,21,65562,65607,,大望路,T31
G433,32,22,65750,65780,,四惠,T31
G433,32,23,65900,65900,,四惠东,T31
G433,34,1,62934,62954,,苹果园,T31
G433,34,2,63154,63184,,古城,T31
G433,34,3,63334,63364,,八角游乐园,T31
G433,34,4,63514,63539,,八宝山,T31
G433,34,5,63659,63694,,玉泉路,T31
G433,34,6,63834,63874,,五棵松,T31
G433,34,7,64009,64044,,万寿路,T31
G433,34,8,64154,64199,,公主坟,T31
G433,34,9,64299,64349,,军事博物馆,T31
G433,34,10,64449,64479,,木樨地,T31
G433,34,11,64599,64626,,南礼士路,T31
G433,34,12,64706,64756,,复兴门,T31
G433,34,13,64876,64920,,西单,T31
G433,34,14,65025,65051,,天安门西,T31
G433,34,15,65141,65169,,天安门东,T31
G433,34,16,65259,65289,,王府井,T31
G433,34,17,65374,65419,,东单,T31
G433,34,18,65529,65574,,建国门,T31
G433,34,19,65694,65724,,永安里,T31
G433,34,20,65809,65854,,国贸,T31
G433,34,21,65974,66019,,大望路,T31
G433,34,22,66162,66192,,四惠,T31
G433,34,23,66312,66312,,四惠东,T31
G433,32,1,63346,63366,,苹果园,T31
G433,32,2,63566,63596,,古城,T31
G433,32,3,63746,63776,,八角游乐园,T31
G433,32,4,63926,63951,,八宝山,T31
G433,32,5,64071,64106,,玉泉路,T31
G433,32,6,64246,64286,,五棵松,T31
G433,32,7,64421,64456,,万寿路,T31
G433,32,8,64566,64611,,公主坟,T31
G433,32,9,64711,64761,,军事博物馆,T31
G433,32,10,64861,64891,,木樨地,T31
G433,32,11,65011,65038,,南礼士路,T31
G433,32,12,65118,65168,,复兴门,T31
G433,32,13,65288,65332,,西单,T31
G433,32,14,65437,65463,,天安门西,T31
G433,32,15,65553,65581,,天安门东,T31
G433,32,16,65671,65701,,王府井,T31
G433,32,17,65786,65831,,东单,T31
G433,32,18,65941,65986,,建国门,T31
G433,32,19,66106,66136,,永安里,T31
G433,32,20,66221,66266,,国贸,T31
G433,32,21,66386,66431,,大望路,T31
G433,32,22,66574,66604,,四惠,T31
G433,32,23,66724,66724,,四惠东,T31
G433,34,1,63758,63778,,苹果园,T31
G433,34,2,63978,64008,,古城,T31
G433,34,3,64158,64188,,八角游乐园,T31
G433,34,4,64338,64363,,八宝山,T31
G433,34,5,64483,64518,,玉泉路,T31
G433,34,6,64658,64698,,五棵松,T31
G433,34,7,64833,64868,,万寿路,T31
G433,34,8,64978,65023,,公主坟,T31
G433,34,9,65123,65173,,军事博物馆,T31
G433,34,10,65273,65303,,木樨地,T31
G433,34,11,65423,65450,,南礼士路,T31
G433,34,12,65530,65580,,复兴门,T31
G433,34,13,65700,65744,,西单,T31
G433,34,14,65849,65875,,天安门西,T31
G433,34,15,65965,65993,,天安门东,T31
G433,34,16,66083,66113,,王府井,T31
G433,34,17,66198,66243,,东单,T31
G433,34,18,66353,66398,,建国门,T31
G433,34,19,66518,66548,,永安里,T31
G433,34,20,66633,66678,,国贸,T31
G433,34,21,66798,66843,,大望路,T31
G433,34,22,66986,67016,,四惠,T31
G433,34,23,67136,67136,,四惠东,T31
S405,8,23,51510,51510,,四惠东,T7
S405,8,22,51650,51680,,四惠,T7
S405,8,21,51823,51868,,大望路,T7
S405,8,20,51988,52033,,国贸,T7
S405,8,19,52118,52148,,永安里,T7
S405,8,18,52268,52313,,建国门,T7
S405,8,17,52423,52468,,东单,T7
S405,8,16,52553,52583,,王府井,T7
S405,8,15,52673,52699,,天东,T7
S405,8,14,52789,52815,,天西,T7
S405,8,13,52920,52965,,西单,T7
S405,8,12,53085,53135,,复兴门,T7
S405,8,11,53195,53221,,礼士路,T7
S405,8,10,53341,53371,,木樨地,T7
S405,8,9,53471,53521,,军博,T7
S405,8,8,53621,53662,,公主坟,T7
S405,8,7,53772,53807,,万寿路,T7
S405,8,6,53942,53977,,五棵松,T7
S405,8,5,54117,54147,,玉泉路,T7
S405,8,4,54267,54297,,八宝山,T7
S405,8,3,54447,54477,,八角村,T7
S405,8,2,54627,54657,,古城,T7
S405,8,1,54857,54857,,苹果园,T7
S405,10,23,51932,51932,,四惠东,T7
S405,10,22,52072,52102,,四惠,T7
S405,10,21,52245,52290,,大望路,T7
S405,10,20,52410,52455,,国贸,T7
S405,10,19,52540,52570,,永安里,T7
S405,10,18,52690,52735,,建国门,T7
S405,10,17,52845,52890,,东单,T7
S405,10,16,52975,53005,,王府井,T7
S405,10,15,53095,53121,,天东,T7
S405,10,14,53211,53237,,天西,T7
S405,10,13,53342,53387,,西单,T7
S405,10,12,53507,53557,,复兴门,T7
S405,10,11,53617,53643,,礼士路,T7
S405,10,10,53763,53793,,木樨地,T7
S405,10,9,53893,53943,,军博,T7
S405,10,8,54043,54084,,公主坟,T7
S405,10,7,54194,54229,,万寿路,T7
S405,10,6,54364,54399,,五棵松,T7
S405,10,5,54539,54569,,玉泉路,T7
S405,10,4,54689,54719,,八宝山,T7
S405,10,3,54869,54899,,八角村,T7
S405,10,2,55049,55079,,古城,T7
S405,10,1,55279,55279,,苹果园,T7
S405,8,23,52354,52354,,四惠东,T7
S405,8,22,52494,52524,,四惠,T7
S405,8,21,52667,52712,,大望路,T7
S405,8,20,52832,52877,,国贸,T7
S405,8,19,52962,52992,,永安里,T7
S405,8,18,53112,53157,,建国门,T7
S405,8,17,53267,53312,,东单,T7
S405,8,16,53397,53427,,王府井,T7
S405,8,15,53517,53543,,天东,T7
S405,8,14,53633,53659,,天西,T7
S405,8,13,53764,53809,,西单,T7
S405,8,12,53929,53979,,复兴门,T7
S405,8,11,54039,54065,,礼士路,T7
S405,8,10,54185,54215,,木樨地,T7
S405,8,9,54315,54365,,军博,T7
S405,8,8,54465,54506,,公主坟,T7
S405,8,7,54616,54651,,万寿路,T7
S405,8,6,54786,54821,,五棵松,T7
S405,8,5,54961,54991,,玉泉路,T7
S405,8,4,55111,55141,,八宝山,T7
S405,8,3,55291,55321,,八角村,T7
S405,8,2,55471,55501,,古城,T7
S405,8,1,55701,55701,,苹果园,T7
S405,10,23,52776,52776,,四惠东,T7
S405,10,22,52916,52946,,四惠,T7
S405,10,21,53089,53134,,大望路,T7
S405,10,20,53254,53299,,国贸,T7
S405,10,19,53384,53414,,永安里,T7
S405,10,18,53534,53579,,建国门,T7
S405,10,17,53689,53734,,东单,T7
S405,10,16,53819,53849,,王府井,T7
S405,10,15,53939,53965,,天东,T7
S405,10,14,54055,54081,,天西,T7
S405,10,13,54186,54231,,西单,T7
S405,10,12,54351,54401,,复兴门,T7
S405,10,11,54461,54487,,礼士路,T7
S405,10,10,54607,54637,,木樨地,T7
S405,10,9,54737,54787,,军博,T7
S405,10,8,54887,54928,,公主坟,T7
S405,10,7,55038,55073,,万寿路,T7
S405,10,6,55208,55243,,五棵松,T7
S405,10,5,55383,55413,,玉泉路,T7
S405,10,4,55533,55563,,八宝山,T7
S405,10,3,55713,55743,,八角村,T7
S405,10,2,55893,55923,,古城,T7
S405,10,1,56123,56123,,苹果园,T7
S405,8,23,53198,53198,,四惠东,T7
S405,8,22,53338,53368,,四惠,T7
S405,8,21,53511,53556,,大望路,T7
S405,8,20,53676,53721,,国贸,T7
S405,8,19,53806,53836,,永安里,T7
S405,8,18,53956,54001,,建国门,T7
S405,8,17,54111,54156,,东单,T7
S405,8,16,54241,54271,,王府井,T7
S405,8,15,54361,54387,,天东,T7
S405,8,14,54477,54503,,天西,T7
S405,8,13,54608,54653,,西单,T7
S405,8,12,54773,54823,,复兴门,T7
S405,8,11,54883,54909,,礼士路,T7
S405,8,10,55029,55059,,木樨地,T7
S405,8,9,55159,55209,,军博,T7
S405,8,8,55309,55350,,公主坟,T7
S405,8,7,55460,55495,,万寿路,T7
S405,8,6,55630,55665,,五棵松,T7
S405,8,5,55805,55835,,玉泉路,T7
S405,8,4,55955,55985,,八宝山,T7
S405,8,3,56135,56165,,八角村,T7
S405,8,2,56315,56345,,古城,T7
S405,8,1,56545,56545,,苹果园,T7
S405,10,23,53620,53620,,四惠东,T7
S405,10,22,53760,53790,,四惠,T7
S405,10,21,53933,53978,,大望路,T7
S405,10,20,54098,54143,,国贸,T7
S405,10,19,54228,54258,,永安里,T7
S405,10,18,54378,54423,,建国门,T7
S405,10,17,54533,54578,,东单,T7
S405,10,16,54663,54693,,王府井,T7
S405,10,15,54783,54809,,天东,T7
S405,10,14,54899,54925,,天西,T7
S405,10,13,55030,55075,,西单,T7
S405,10,12,55195,55245,,复兴门,T7
S405,10,11,55305,55331,,礼士路,T7
S405,10,10,55451,55481,,木樨地,T7
S405,10,9,55581,55631,,军博,T7
S405,10,8,55731,55772,,公主坟,T7
S405,10,7,55882,55917,,万寿路,T7
S405,10,6,56052,56087,,五棵松,T7
S405,10,5,56227,56257,,玉泉路,T7
S405,10,4,56377,56407,,八宝山,T7
S405,10,3,56557,56587,,八角村,T7
S405,10,2,56737,56767,,古城,T7
S405,10,1,56967,56967,,苹果园,T7
S405,8,23,54042,54042,,四惠东,T7
S405,8,22,54182,54212,,四惠,T7
S405,8,21,54355,54400,,大望路,T7
S405,8,20,54520,54565,,国贸,T7
S405,8,19,54650,54680,,永安里,T7
S405,8,18,54800,54845,,建国门,T7
S405,8,17,54955,55000,,东单,T7
S405,8,16,55085,55115,,王府井,T7
S405,8,15,55205,55231,,天东,T7
S405,8,14,55321,55347,,天西,T7
S405,8,13,55452,55497,,西单,T7
S405,8,12,55617,55667,,复兴门,T7
S405,8,11,55727,55753,,礼士路,T7
S405,8,10,55873,55903,,木樨地,T7
S405,8,9,56003,56053,,军博,T7
S405,8,8,56153,56194,,公主坟,T7
S405,8,7,56304,56339,,万寿路,T7
S405,8,6,56474,56509,,五棵松,T7
S405,8,5,56649,56679,,玉泉路,T7
S405,8,4,56799,56829,,八宝山,T7
S405,8,3,56979,57009,,八角村,T7
S405,8,2,57159,57189,,古城,T7
S405,8,1,57389,57389,,苹果园,T7
S405,10,23,54464,54464,,四惠东,T7
S405,10,22,54604,54634,,四惠,T7
S405,10,21,54777,54822,,大望路,T7
S405,10,20,54942,54987,,国贸,T7
S405,10,19,55072,55102,,永安里,T7
S405,10,18,55222,55267,,建国门,T7
S405,10,17,55377,55422,,东单,T7
S405,10,16,55507,55537,,王府井,T7
S405,10,15,55627,55653,,天东,T7
S405,10,14,55743,55769,,天西,T7
S405,10,13,55874,55919,,西单,T7
S405,10,12,56039,56089,,复兴门,T7
S405,10,11,56149,56175,,礼士路,T7
S405,10,10,56295,56325,,木樨地,T7
S405,10,9,56425,56475,,军博,T7
S405,10,8,56575,56616,,公主坟,T7
S405,10,7,56726,56761,,万寿路,T7
S405,10,6,56896,56931,,五棵松,T7
S405,10,5,57071,57101,,玉泉路,T7
S405,10,4,57221,57251,,八宝山,T7
S405,10,3,57401,57431,,八角村,T7
S405,10,2,57581,57611,,古城,T7
S405,10,1,57811,57811,,苹果园,T7
S405,8,23,54886,54886,,四惠东,T7
S405,8,22,55026,55056,,四惠,T7
S405,8,21,55199,55244,,大望路,T7
S405,8,20,55364,55409,,国贸,T7
S405,8,19,55494,55524,,永安里,T7
S405,8,18,55644,55689,,建国门,T7
S405,8,17,55799,55844,,东单,T7
S405,8,16,55929,55959,,王府井,T7
S405,8,15,56049,56075,,天东,T7
S405,8,14,56165,56191,,天西,T7
S405,8,13,56296,56341,,西单,T7
S405,8,12,56461,56511,,复兴门,T7
S405,8,11,56571,56597,,礼士路,T7
S405,8,10,56717,56747,,木樨地,T7
S405,8,9,56847,56897,,军博,T7
S405,8,8,56997,57038,,公主坟,T7
S405,8,7,57148,57183,,万寿路,T7
S405,8,6,57318,57353,,五棵松,T7
S405,8,5,57493,57523,,玉泉路,T7
S405,8,4,57643,57673,,八宝山,T7
S405,8,3,57823,57853,,八角村,T7
S405,8,2,58003,58033,,古城,T7
S405,8,1,58233,58233,,苹果园,T7
S405,10,23,55308,55308,,四惠东,T7
S405,10,22,55448,55478,,四惠,T7
S405,10,21,55621,55666,,大望路,T7
S405,10,20,55786,55831,,国贸,T7
S405,10,19,55916,55946,,永安里,T7
S405,10,18,56066,56111,,建国门,T7
S405,10,17,56221,56266,,东单,T7
S405,10,16,56351,56381,,王府井,T7
S405,10,15,56471,56497,,天东,T7
S405,10,14,56587,56613,,天西,T7
S405,10,13,56718,56763,,西单,T7
S405,10,12,56883,56933,,复兴门,T7
S405,10,11,56993,57019,,礼士路,T7
S405,10,10,57139,57169,,木樨地,T7
S405,10,9,57269,57319,,军博,T7
S405,10,8,57419,57460,,公主坟,T7
S405,10,7,57570,57605,,万寿路,T7
S405,10,6,57740,57775,,五棵松,T7
S405,10,5,57915,57945,,玉泉路,T7
S405,10,4,58065,58095,,八宝山,T7
S405,10,3,58245,58275,,八角村,T7
S405,10,2,58425,58455,,古城,T7
S405,10,1,58655,58655,,苹果园,T7
S405,8,23,55730,55730,,四惠东,T7
S405,8,22,55870,55900,,四惠,T7
S405,8,21,56043,56088,,大望路,T7
S405,8,20,56208,56253,,国贸,T7
S405,8,19,56338,56368,,永安里,T7
S405,8,18,56488,56533,,建国门,T7
S405,8,17,56643,56688,,东单,T7
S405,8,16,56773,56803,,王府井,T7
S405,8,15,56893,56919,,天东,T7
S405,8,14,57009,57035,,天西,T7
S405,8,13,57140,57185,,西单,T7
S405,8,12,57305,57355,,复兴门,T7
S405,8,11,57415,57441,,礼士路,T7
S405,8,10,57561,57591,,木樨地,T7
S405,8,9,57691,57741,,军博,T7
S405,8,8,57841,57882,,公主坟,T7
S405,8,7,57992,58027,,万寿路,T7
S405,8,6,58162,58197,,五棵松,T7
S405,8,5,58337,58367,,玉泉路,T7
S405,8,4,58487,58517,,八宝山,T7
S405,8,3,58667,58697,,八角村,T7
S405,8,2,58847,58877,,古城,T7
S405,8,1,59077,59077,,苹果园,T7
S405,10,23,56152,56152,,四惠东,T7
S405,10,22,56292,56322,,四惠,T7
S405,10,21,56465,56510,,大望路,T7
S405,10,20,56630,56675,,国贸,T7
S405,10,19,56760,56790,,永安里,T7
S405,10,18,56910,56955,,建国门,T7
S405,10,17,57065,57110,,东单,T7
S405,10,16,57195,57225,,王府井,T7
S405,10,15,57315,57341,,天东,T7
S405,10,14,57431,57457,,天西,T7
S405,10,13,57562,57607,,西单,T7
S405,10,12,57727,57777,,复兴门,T7
S405,10,11,57837,57863,,礼士路,T7
S405,10,10,57983,58013,,木樨地,T7
S405,10,9,58113,58163,,军博,T7
S405,10,8,58263,58304,,公主坟,T7
S405,10,7,58414,58449,,万寿路,T7
S405,10,6,58584,58619,,五棵松,T7
S405,10,5,58759,58789,,玉泉路,T7
S405,10,4,58909,58939,,八宝山,T7
S405,10,3,59089,59119,,八角村,T7
S405,10,2,59269,59299,,古城,T7
S405,10,1,59499,59499,,苹果园,T7
S405,8,23,56574,56574,,四惠东,T7
S405,8,22,56714,56744,,四惠,T7
S405,8,21,56887,56932,,大望路,T7
S405,8,20,57052,57097,,国贸,T7
S405,8,19,57182,57212,,永安里,T7
S405,8,18,57332,57377,,建国门,T7
S405,8,17,57487,57532,,东单,T7
S405,8,16,57617,57647,,王府井,T7
S405,8,15,57737,57763,,天东,T7
S405,8,14,57853,57879,,天西,T7
S405,8,13,57984,58029,,西单,T7
S405,8,12,58149,58199,,复兴门,T7
S405,8,11,58259,58285,,礼士路,T7
S405,8,10,58405,58435,,木樨地,T7
S405,8,9,58535,58585,,军博,T7
S405,8,8,58685,58726,,公主坟,T7
S405,8,7,58836,58871,,万寿路,T7
S405,8,6,59006,59041,,五棵松,T7
S405,8,5,59181,59211,,玉泉路,T7
S405,8,4,59331,59361,,八宝山,T7
S405,8,3,59511,59541,,八角村,T7
S405,8,2,59691,59721,,古城,T7
S405,8,1,59921,59921,,苹果园,T7
S405,10,23,56996,56996,,四惠东,T7
S405,10,22,57136,57166,,四惠,T7
S405,10,21,57309,57354,,大望路,T7
S405,10,20,57474,57519,,国贸,T7
S405,10,19,57604,57634,,永安里,T7
S405,10,18,57754,57799,,建国门,T7
S405,10,17,57909,57954,,东单,T7
S405,10,16,58039,58069,,王府井,T7
S405,10,15,58159,58185,,天东,T7
S405,10,14,58275,58301,,天西,T7
S405,10,13,58406,58451,,西单,T7
S405,10,12,58571,58621,,复兴门,T7
S405,10,11,58681,58707,,礼士路,T7
S405,10,10,58827,58857,,木樨地,T7
S405,10,9,58957,59007,,军博,T7
S405,10,8,59107,59148,,公主坟,T7
S405,10,7,59258,59293,,万寿路,T7
S405,10,6,59428,59463,,五棵松,T7
S405,10,5,59603,59633,,玉泉路,T7
S405,10,4,59753,59783,,八宝山,T7
S405,10,3,59933,59963,,八角村,T7
S405,10,2,60113,60143,,古城,T7
S405,10,1,60343,60343,,苹果园,T7
S405,8,23,57418,57418,,四惠东,T7
S405,8,22,57558,57588,,四惠,T7
S405,8,21,57731,57776,,大望路,T7
S405,8,20,57896,57941,,国贸,T7
S405,8,19,58026,58056,,永安里,T7
S405,8,18,58176,58221,,建国门,T7
S405,8,17,58331,58376,,东单,T7
S405,8,16,58461,58491,,王府井,T7
S405,8,15,58581,58607,,天东,T7
S405,8,14,58697,58723,,天西,T7
S405,8,13,58828,58873,,西单,T7
S405,8,12,58993,59043,,复兴门,T7
S405,8,11,59103,59129,,礼士路,T7
S405,8,10,59249,59279,,木樨地,T7
S405,8,9,59379,59429,,军博,T7
S405,8,8,59529,59570,,公主坟,T7
S405,8,7,59680,59715,,万寿路,T7
S405,8,6,59850,59885,,五棵松,T7
S405,8,5,60025,60055,,玉泉路,T7
S405,8,4,60175,60205,,八宝山,T7
S405,8,3,60355,60385,,八角村,T7
S405,8,2,60535,60565,,古城,T7
S405,8,1,60765,60765,,苹果园,T7
S405,10,23,57840,57840,,四惠东,T7
S405,10,22,57980,58010,,四惠,T7
S405,10,21,58153,58198,,大望路,T7
S405,10,20,58318,58363,,国贸,T7
S405,10,19,58448,58478,,永安里,T7
S405,10,18,58598,58643,,建国门,T7
S405,10,17,58753,58798,,东单,T7
S405,10,16,58883,58913,,王府井,T7
S405,10,15,59003,59029,,天东,T7
S405,10,14,59119,59145,,天西,T7
S405,10,13,59250,59295,,西单,T7
S405,10,12,59415,59465,,复兴门,T7
S405,10,11,59525,59551,,礼士路,T7
S405,10,10,59671,59701,,木樨地,T7
S405,10,9,59801,59851,,军博,T7
S405,10,8,59951,59992,,公主坟,T7
S405,10,7,60102,60137,,万寿路,T7
S405,10,6,60272,60307,,五棵松,T7
S405,10,5,60447,60477,,玉泉路,T7
S405,10,4,60597,60627,,八宝山,T7
S405,10,3,60777,60807,,八角村,T7
S405,10,2,60957,60987,,古城,T7
S405,10,1,61187,61187,,苹果园,T7
S405,8,23,58262,58262,,四惠东,T7
S405,8,22,58402,58432,,四惠,T7
S405,8,21,58575,58620,,大望路,T7
S405,8,20,58740,58785,,国贸,T7
S405,8,19,58870,58900,,永安里,T7
S405,8,18,59020,59065,,建国门,T7
S405,8,17,59175,59220,,东单,T7
S405,8,16,59305,59335,,王府井,T7
S405,8,15,59425,59451,,天东,T7
S405,8,14,59541,59567,,天西,T7
S405,8,13,59672,59717,,西单,T7
S405,8,12,59837,59887,,复兴门,T7
S405,8,11,59947,59973,,礼士路,T7
S405,8,10,60093,60123,,木樨地,T7
S405,8,9,60223,60273,,军博,T7
S405,8,8,60373,60414,,公主坟,T7
S405,8,7,60524,60559,,万寿路,T7
S405,8,6,60694,60729,,五棵松,T7
S405,8,5,60869,60899,,玉泉路,T7
S405,8,4,61019,61049,,八宝山,T7
S405,8,3,61199,61229,,八角村,T7
S405,8,2,61379,61409,,古城,T7
S405,8,1,61609,61609,,苹果园,T7
S405,10,23,58684,58684,,四惠东,T7
S405,10,22,58824,58854,,四惠,T7
S405,10,21,58997,59042,,大望路,T7
S405,10,20,59162,59207,,国贸,T7
S405,10,19,59292,59322,,永安里,T7
S405,10,18,59442,59487,,建国门,T7
S405,10,17,59597,59642,,东单,T7
S405,10,16,59727,59757,,王府井,T7
S405,10,15,59847,59873,,天东,T7
S405,10,14,59963,59989,,天西,T7
S405,10,13,60094,60139,,西单,T7
S405,10,12,60259,60309,,复兴门,T7
S405,10,11,60369,60395,,礼士路,T7
S405,10,10,60515,60545,,木樨地,T7
S405,10,9,60645,60695,,军博,T7
S405,10,8,60795,60836,,公主坟,T7
S405,10,7,60946,60981,,万寿路,T7
S405,10,6,61116,61151,,五棵松,T7
S405,10,5,61291,61321,,玉泉路,T7
S405,10,4,61441,61471,,八宝山,T7
S405,10,3,61621,61651,,八角村,T7
S405,10,2,61801,61831,,古城,T7
S405,10,1,62031,62031,,苹果园,T7
S405,8,23,59106,59106,,四惠东,T7
S405,8,22,59246,59276,,四惠,T7
S405,8,21,59419,59464,,大望路,T7
S405,8,20,59584,59629,,国贸,T7
S405,8,19,59714,59744,,永安里,T7
S405,8,18,59864,59909,,建国门,T7
S405,8,17,60019,60064,,东单,T7
S405,8,16,60149,60179,,王府井,T7
S405,8,15,60269,60295,,天东,T7
S405,8,14,60385,60411,,天西,T7
S405,8,13,60516,60561,,西单,T7
S405,8,12,60681,60731,,复兴门,T7
S405,8,11,60791,60817,,礼士路,T7
S405,8,10,60937,60967,,木樨地,T7
S405,8,9,61067,61117,,军博,T7
S405,8,8,61217,61258,,公主坟,T7
S405,8,7,61368,61403,,万寿路,T7
S405,8,6,61538,61573,,五棵松,T7
S405,8,5,61713,61743,,玉泉路,T7
S405,8,4,61863,61893,,八宝山,T7
S405,8,3,62043,62073,,八角村,T7
S405,8,2,62223,62253,,古城,T7
S405,8,1,62453,62453,,苹果园,T7
S405,10,23,59528,59528,,四惠东,T7
S405,10,22,59668,59698,,四惠,T7
S405,10,21,59841,59886,,大望路,T7
S405,10,20,60006,60051,,国贸,T7
S405,10,19,60136,60166,,永安里,T7
S405,10,18,60286,60331,,建国门,T7
S405,10,17,60441,60486,,东单,T7
S405,10,16,60571,60601,,王府井,T7
S405,10,15,60691,60717,,天东,T7
S405,10,14,60807,60833,,天西,T7
S405,10,13,60938,60983,,西单,T7
S405,10,12,61103,61153,,复兴门,T7
S405,10,11,61213,61239,,礼士路,T7
S405,10,10,61359,61389,,木樨地,T7
S405,10,9,61489,61539,,军博,T7
S405,10,8,61639,61680,,公主坟,T7
S405,10,7,61790,61825,,万寿路,T7
S405,10,6,61960,61995,,五棵松,T7
S405,10,5,62135,62165,,玉泉路,T7
S405,10,4,62285,62315,,八宝山,T7
S405,10,3,62465,62495,,八角村,T7
S405,10,2,62645,62675,,古城,T7
S405,10,1,62875,62875,,苹果园,T7
S405,8,23,59950,59950,,四惠东,T7
S405,8,22,60090,60120,,四惠,T7
S405,8,21,60263,60308,,大望路,T7
S405,8,20,60428,60473,,国贸,T7
S405,8,19,60558,60588,,永安里,T7
S405,8,18,60708,60753,,建国门,T7
S405,8,17,60863,60908,,东单,T7
S405,8,16,60993,61023,,王府井,T7
S405,8,15,61113,61139,,天东,T7
S405,8,14,61229,61255,,天西,T7
S405,8,13,61360,61405,,西单,T7
S405,8,12,61525,61575,,复兴门,T7
S405,8,11,61635,61661,,礼士路,T7
S405,8,10,61781,61811,,木樨地,T7
S405,8,9,61911,61961,,军博,T7
S405,8,8,62061,62102,,公主坟,T7
S405,8,7,62212,62247,,万寿路,T7
S405,8,6,62382,62417,,五棵松,T7
S405,8,5,62557,62587,,玉泉路,T7
S405,8,4,62707,62737,,八宝山,T7
S405,8,3,62887,62917,,八角村,T7
S405,8,2,63067,63097,,古城,T7
S405,8,1,63297,63297,,苹果园,T7
S405,10,23,60372,60372,,四惠东,T7
S405,10,22,60512,60542,,四惠,T7
S405,10,21,60685,60730,,大望路,T7
S405,10,20,60850,60895,,国贸,T7
S405,10,19,60980,61010,,永安里,T7
S405,10,18,61130,61175,,建国门,T7
S405,10,17,61285,61330,,东单,T7
S405,10,16,61415,61445,,王府井,T7
S405,10,15,61535,61561,,天东,T7
S405,10,14,61651,61677,,天西,T7
S405,10,13,61782,61827,,西单,T7
S405,10,12,61947,61997,,复兴门,T7
S405,10,11,62057,62083,,礼士路,T7
S405,10,10,62203,62233,,木樨地,T7
S405,10,9,62333,62383,,军博,T7
S405,10,8,62483,62524,,公主坟,T7
S405,10,7,62634,62669,,万寿路,T7
S405,10,6,62804,62839,,五棵松,T7
S405,10,5,62979,63009,,玉泉路,T7
S405,10,4,63129,63159,,八宝山,T7
S405,10,3,63309,63339,,八角村,T7
S405,10,2,63489,63519,,古城,T7
S405,10,1,63719,63719,,苹果园,T7
S405,12,23,60794,60794,,四惠东,T7
S405,12,22,60934,60964,,四惠,T7
S405,12,21,61107,61152,,大望路,T7
S405,12,20,61272,61317,,国贸,T7
S405,12,19,61402,61432,,永安里,T7
S405,12,18,61552,61597,,建国门,T7
S405,12,17,61707,61752,,东单,T7
S405,12,16,61837,61867,,王府井,T7
S405,12,15,61957,61983,,天东,T7
S405,12,14,62073,62099,,天西,T7
S405,12,13,62204,62249,,西单,T7
S405,12,12,62369,62419,,复兴门,T7
S405,12,11,62479,62505,,礼士路,T7
S405,12,10,62625,62655,,木樨地,T7
S405,12,9,62755,62805,,军博,T7
S405,12,8,62905,62946,,公主坟,T7
S405,12,7,63056,63091,,万寿路,T7
S405,12,6,63226,63261,,五棵松,T7
S405,12,5,63401,63431,,玉泉路,T7
S405,12,4,63551,63581,,八宝山,T7
S405,12,3,63731,63761,,八角村,T7
S405,12,2,63911,63941,,古城,T7
S405,12,1,64141,64141,,苹果园,T7
